[{"model": "admin.logentry", "pk": 1, "fields": {"action_time": "2021-09-27T05:57:04.288Z", "user": 1, "content_type": 10, "object_id": "1", "object_repr": "Capacidade Instalada (Número de Animais)", "action_flag": 1, "change_message": "[{\"added\": {}}]"}}, {"model": "admin.logentry", "pk": 2, "fields": {"action_time": "2021-09-27T05:57:12.304Z", "user": 1, "content_type": 10, "object_id": "2", "object_repr": "Área (ha)", "action_flag": 1, "change_message": "[{\"added\": {}}]"}}, {"model": "admin.logentry", "pk": 3, "fields": {"action_time": "2021-09-27T05:57:50.807Z", "user": 1, "content_type": 10, "object_id": "3", "object_repr": "Volume (m3)", "action_flag": 1, "change_message": "[{\"added\": {}}]"}}, {"model": "admin.logentry", "pk": 4, "fields": {"action_time": "2021-09-27T05:58:02.802Z", "user": 1, "content_type": 10, "object_id": "4", "object_repr": "Produção Bruta de Minério (t/Ano)", "action_flag": 1, "change_message": "[{\"added\": {}}]"}}, {"model": "admin.logentry", "pk": 5, "fields": {"action_time": "2021-09-27T05:58:37.637Z", "user": 1, "content_type": 10, "object_id": "5", "object_repr": "Capacidade Instalada (Cabeças/Dia)", "action_flag": 1, "change_message": "[{\"added\": {}}]"}}, {"model": "admin.logentry", "pk": 6, "fields": {"action_time": "2021-09-27T05:59:03.774Z", "user": 1, "content_type": 10, "object_id": "6", "object_repr": "Capacidade Instalada (t de roduto/Dia)", "action_flag": 1, "change_message": "[{\"added\": {}}]"}}, {"model": "admin.logentry", "pk": 7, "fields": {"action_time": "2021-09-27T05:59:50.311Z", "user": 1, "content_type": 10, "object_id": "7", "object_repr": "Capacidade Instalada (l de Leite/Dia)", "action_flag": 1, "change_message": "[{\"added\": {}}]"}}, {"model": "admin.logentry", "pk": 8, "fields": {"action_time": "2021-09-27T06:00:04.149Z", "user": 1, "content_type": 10, "object_id": "8", "object_repr": "Capacidade Instalada (t de Matéria Prima/Dia)", "action_flag": 1, "change_message": "[{\"added\": {}}]"}}, {"model": "admin.logentry", "pk": 9, "fields": {"action_time": "2021-09-27T06:00:26.663Z", "user": 1, "content_type": 10, "object_id": "6", "object_repr": "Capacidade Instalada (t de Produto/Dia)", "action_flag": 2, "change_message": "[{\"changed\": {\"fields\": [\"Unidade de Medida\"]}}]"}}, {"model": "admin.logentry", "pk": 10, "fields": {"action_time": "2021-09-27T06:01:01.965Z", "user": 1, "content_type": 10, "object_id": "9", "object_repr": "Capacidade Instalada (l/Dia)", "action_flag": 1, "change_message": "[{\"added\": {}}]"}}, {"model": "admin.logentry", "pk": 11, "fields": {"action_time": "2021-09-27T06:01:55.395Z", "user": 1, "content_type": 10, "object_id": "10", "object_repr": "Capacidade Instalada (t/Ano)", "action_flag": 1, "change_message": "[{\"added\": {}}]"}}, {"model": "admin.logentry", "pk": 12, "fields": {"action_time": "2021-09-27T06:02:22.330Z", "user": 1, "content_type": 10, "object_id": "11", "object_repr": "Capacidade Instalada (no de Unidades Processadas/Dia)", "action_flag": 1, "change_message": "[{\"added\": {}}]"}}, {"model": "admin.logentry", "pk": 13, "fields": {"action_time": "2021-09-27T06:02:36.104Z", "user": 1, "content_type": 10, "object_id": "12", "object_repr": "Capacidade Instalada (m3/Ano)", "action_flag": 1, "change_message": "[{\"added\": {}}]"}}, {"model": "admin.logentry", "pk": 14, "fields": {"action_time": "2021-09-27T06:03:04.792Z", "user": 1, "content_type": 10, "object_id": "13", "object_repr": "Capacidade Instalada (t/Mês)", "action_flag": 1, "change_message": "[{\"added\": {}}]"}}, {"model": "admin.logentry", "pk": 15, "fields": {"action_time": "2021-09-27T06:03:55.742Z", "user": 1, "content_type": 10, "object_id": "14", "object_repr": "Capacidade Instalada de Processamento (m3/Mês)", "action_flag": 1, "change_message": "[{\"added\": {}}]"}}, {"model": "admin.logentry", "pk": 16, "fields": {"action_time": "2021-09-27T06:04:53.448Z", "user": 1, "content_type": 10, "object_id": "15", "object_repr": "Capacidade Instalada (Unidade/Mês)", "action_flag": 1, "change_message": "[{\"added\": {}}]"}}, {"model": "admin.logentry", "pk": 17, "fields": {"action_time": "2021-09-27T06:05:31.118Z", "user": 1, "content_type": 10, "object_id": "16", "object_repr": "Número de Unidades Produzidas (un/Dia)", "action_flag": 1, "change_message": "[{\"added\": {}}]"}}, {"model": "admin.logentry", "pk": 18, "fields": {"action_time": "2021-09-27T06:06:07.984Z", "user": 1, "content_type": 10, "object_id": "17", "object_repr": "Capacidade Instalada (t de Argila/Dia)", "action_flag": 1, "change_message": "[{\"added\": {}}]"}}, {"model": "admin.logentry", "pk": 19, "fields": {"action_time": "2021-09-27T06:06:41.761Z", "user": 1, "content_type": 10, "object_id": "18", "object_repr": "Capacidade Instalada (m2/Mês)", "action_flag": 1, "change_message": "[{\"added\": {}}]"}}, {"model": "admin.logentry", "pk": 20, "fields": {"action_time": "2021-09-27T06:07:18.709Z", "user": 1, "content_type": 10, "object_id": "19", "object_repr": "Volume de Produção (t/Dia)", "action_flag": 1, "change_message": "[{\"added\": {}}]"}}, {"model": "admin.logentry", "pk": 21, "fields": {"action_time": "2021-09-27T06:07:51.207Z", "user": 1, "content_type": 10, "object_id": "20", "object_repr": "Capacidade Instalada (t/dia)", "action_flag": 1, "change_message": "[{\"added\": {}}]"}}, {"model": "admin.logentry", "pk": 22, "fields": {"action_time": "2021-09-27T06:08:54.606Z", "user": 1, "content_type": 10, "object_id": "21", "object_repr": "Capacidade Instalada (t de Produto/Ano)", "action_flag": 1, "change_message": "[{\"added\": {}}]"}}, {"model": "admin.logentry", "pk": 23, "fields": {"action_time": "2021-09-27T06:09:20.503Z", "user": 1, "content_type": 10, "object_id": "22", "object_repr": "Capacidade Instalada (un/mês)", "action_flag": 1, "change_message": "[{\"added\": {}}]"}}, {"model": "admin.logentry", "pk": 24, "fields": {"action_time": "2021-09-27T06:09:48.344Z", "user": 1, "content_type": 10, "object_id": "23", "object_repr": "Capacidade Instalada (un/Ano)", "action_flag": 1, "change_message": "[{\"added\": {}}]"}}, {"model": "admin.logentry", "pk": 25, "fields": {"action_time": "2021-09-27T06:10:26.774Z", "user": 1, "content_type": 10, "object_id": "2", "object_repr": "Área Total (ha)", "action_flag": 2, "change_message": "[{\"changed\": {\"fields\": [\"Unidade de Medida\"]}}]"}}, {"model": "admin.logentry", "pk": 26, "fields": {"action_time": "2021-09-27T06:10:43.088Z", "user": 1, "content_type": 10, "object_id": "24", "object_repr": "Capacidade de Armazenament o (m3 )", "action_flag": 1, "change_message": "[{\"added\": {}}]"}}, {"model": "admin.logentry", "pk": 27, "fields": {"action_time": "2021-09-27T06:10:56.382Z", "user": 1, "content_type": 10, "object_id": "25", "object_repr": "Vazão (m3 /dia)", "action_flag": 1, "change_message": "[{\"added\": {}}]"}}, {"model": "admin.logentry", "pk": 28, "fields": {"action_time": "2021-09-27T06:11:03.685Z", "user": 1, "content_type": 10, "object_id": "26", "object_repr": "Vasilhame (unid.)", "action_flag": 1, "change_message": "[{\"added\": {}}]"}}, {"model": "admin.logentry", "pk": 29, "fields": {"action_time": "2021-09-27T06:11:35.200Z", "user": 1, "content_type": 10, "object_id": "27", "object_repr": "Área total da Usina Solar instalada (ha)", "action_flag": 1, "change_message": "[{\"added\": {}}]"}}, {"model": "admin.logentry", "pk": 30, "fields": {"action_time": "2021-09-27T06:11:47.175Z", "user": 1, "content_type": 10, "object_id": "28", "object_repr": "Extensão (Km)", "action_flag": 1, "change_message": "[{\"added\": {}}]"}}, {"model": "admin.logentry", "pk": 31, "fields": {"action_time": "2021-09-27T06:12:02.804Z", "user": 1, "content_type": 10, "object_id": "29", "object_repr": "Capacidade de Armazenamento de Combustíveis Líquidos (m3 ) e de Combustíveis Líquidos Mais GNV ou GNC", "action_flag": 1, "change_message": "[{\"added\": {}}]"}}, {"model": "admin.logentry", "pk": 32, "fields": {"action_time": "2021-09-27T06:12:18.773Z", "user": 1, "content_type": 10, "object_id": "30", "object_repr": "Vazão Média (l/s)", "action_flag": 1, "change_message": "[{\"added\": {}}]"}}, {"model": "admin.logentry", "pk": 33, "fields": {"action_time": "2021-09-27T06:12:30.090Z", "user": 1, "content_type": 10, "object_id": "31", "object_repr": "Quantidade Operada (t/dia)", "action_flag": 1, "change_message": "[{\"added\": {}}]"}}, {"model": "admin.logentry", "pk": 34, "fields": {"action_time": "2021-09-27T06:12:53.498Z", "user": 1, "content_type": 10, "object_id": "24", "object_repr": "Capacidade de Armazenamento (m3 )", "action_flag": 2, "change_message": "[{\"changed\": {\"fields\": [\"Unidade de Medida\"]}}]"}}, {"model": "admin.logentry", "pk": 35, "fields": {"action_time": "2021-09-27T06:13:06.964Z", "user": 1, "content_type": 10, "object_id": "32", "object_repr": "Capacidade de Processamento (t/Dia)", "action_flag": 1, "change_message": "[{\"added\": {}}]"}}, {"model": "admin.logentry", "pk": 36, "fields": {"action_time": "2021-09-27T06:14:06.377Z", "user": 1, "content_type": 10, "object_id": "33", "object_repr": "Produção (t/dia)", "action_flag": 1, "change_message": "[{\"added\": {}}]"}}, {"model": "admin.logentry", "pk": 37, "fields": {"action_time": "2021-09-27T06:14:16.169Z", "user": 1, "content_type": 10, "object_id": "34", "object_repr": "Potência do Transmissor (W)", "action_flag": 1, "change_message": "[{\"added\": {}}]"}}, {"model": "admin.logentry", "pk": 38, "fields": {"action_time": "2021-09-27T06:14:27.685Z", "user": 1, "content_type": 10, "object_id": "35", "object_repr": "Área Útil (ha)", "action_flag": 1, "change_message": "[{\"added\": {}}]"}}, {"model": "admin.logentry", "pk": 39, "fields": {"action_time": "2021-09-27T06:14:45.279Z", "user": 1, "content_type": 10, "object_id": "36", "object_repr": "Número de Unidades Processadas (un/Dia)", "action_flag": 1, "change_message": "[{\"added\": {}}]"}}, {"model": "admin.logentry", "pk": 40, "fields": {"action_time": "2021-09-27T06:14:52.643Z", "user": 1, "content_type": 10, "object_id": "37", "object_repr": "Área Construída (ha)", "action_flag": 1, "change_message": "[{\"added\": {}}]"}}, {"model": "admin.logentry", "pk": 41, "fields": {"action_time": "2021-09-27T06:15:12.440Z", "user": 1, "content_type": 10, "object_id": "38", "object_repr": "Área utilizada (ha)", "action_flag": 1, "change_message": "[{\"added\": {}}]"}}, {"model": "admin.logentry", "pk": 42, "fields": {"action_time": "2021-09-27T06:16:44.920Z", "user": 1, "content_type": 10, "object_id": "39", "object_repr": "Área de Inundação (ha)", "action_flag": 1, "change_message": "[{\"added\": {}}]"}}, {"model": "admin.logentry", "pk": 43, "fields": {"action_time": "2021-09-27T06:17:06.842Z", "user": 1, "content_type": 10, "object_id": "40", "object_repr": "Vazão (m3/s)", "action_flag": 1, "change_message": "[{\"added\": {}}]"}}, {"model": "admin.logentry", "pk": 44, "fields": {"action_time": "2021-09-27T06:18:47.513Z", "user": 1, "content_type": 11, "object_id": "1", "object_repr": "A2.2.1", "action_flag": 1, "change_message": "[{\"added\": {}}]"}}, {"model": "admin.logentry", "pk": 45, "fields": {"action_time": "2021-09-27T19:11:15.226Z", "user": 1, "content_type": 12, "object_id": "1", "object_repr": "UserProfile object (1)", "action_flag": 1, "change_message": "[{\"added\": {}}]"}}, {"model": "admin.logentry", "pk": 46, "fields": {"action_time": "2021-09-27T19:11:21.590Z", "user": 1, "content_type": 12, "object_id": "1", "object_repr": "UserProfile object (1)", "action_flag": 2, "change_message": "[]"}}, {"model": "admin.logentry", "pk": 47, "fields": {"action_time": "2021-09-27T19:14:29.826Z", "user": 1, "content_type": 12, "object_id": "1", "object_repr": "75988057797", "action_flag": 2, "change_message": "[{\"changed\": {\"fields\": [\"Celular\"]}}]"}}, {"model": "admin.logentry", "pk": 48, "fields": {"action_time": "2021-09-30T16:18:21.613Z", "user": 1, "content_type": 7, "object_id": "8", "object_repr": "G - Teste", "action_flag": 1, "change_message": "[{\"added\": {}}]"}}, {"model": "admin.logentry", "pk": 49, "fields": {"action_time": "2021-09-30T16:18:48.265Z", "user": 1, "content_type": 8, "object_id": "20", "object_repr": "02-G - Teste-nkjhkj", "action_flag": 1, "change_message": "[{\"added\": {}}]"}}, {"model": "admin.logentry", "pk": 50, "fields": {"action_time": "2021-10-03T03:46:15.075Z", "user": 1, "content_type": 9, "object_id": "1", "object_repr": "A2.2 - Criações Confinadas", "action_flag": 2, "change_message": "[{\"changed\": {\"fields\": [\"Descricao\"]}}]"}}, {"model": "admin.logentry", "pk": 51, "fields": {"action_time": "2021-10-03T03:46:26.219Z", "user": 1, "content_type": 9, "object_id": "2", "object_repr": "A2.3 - Aquicultura", "action_flag": 2, "change_message": "[{\"changed\": {\"fields\": [\"Descricao\"]}}]"}}, {"model": "admin.logentry", "pk": 52, "fields": {"action_time": "2021-10-03T03:46:38.828Z", "user": 1, "content_type": 9, "object_id": "3", "object_repr": "A2.4 - Carcinicultura", "action_flag": 2, "change_message": "[{\"changed\": {\"fields\": [\"Descricao\"]}}]"}}, {"model": "admin.logentry", "pk": 53, "fields": {"action_time": "2021-10-03T03:47:18.939Z", "user": 1, "content_type": 7, "object_id": "1", "object_repr": "A - AGRICULTURA E FLORESTAS", "action_flag": 2, "change_message": "[{\"changed\": {\"fields\": [\"Descricao\"]}}]"}}, {"model": "admin.logentry", "pk": 54, "fields": {"action_time": "2021-10-03T03:47:32.619Z", "user": 1, "content_type": 7, "object_id": "2", "object_repr": "B - MINERAÇÃO", "action_flag": 2, "change_message": "[{\"changed\": {\"fields\": [\"Descricao\"]}}]"}}, {"model": "admin.logentry", "pk": 55, "fields": {"action_time": "2021-10-03T03:47:42.818Z", "user": 1, "content_type": 7, "object_id": "3", "object_repr": "C - INDÚSTRIAS", "action_flag": 2, "change_message": "[{\"changed\": {\"fields\": [\"Descricao\"]}}]"}}, {"model": "admin.logentry", "pk": 56, "fields": {"action_time": "2021-10-03T03:47:48.049Z", "user": 1, "content_type": 7, "object_id": "4", "object_repr": "D - TRANSPORTE", "action_flag": 2, "change_message": "[{\"changed\": {\"fields\": [\"Descricao\"]}}]"}}, {"model": "admin.logentry", "pk": 57, "fields": {"action_time": "2021-10-03T03:47:55.177Z", "user": 1, "content_type": 7, "object_id": "5", "object_repr": "E - SERVIÇOS", "action_flag": 2, "change_message": "[{\"changed\": {\"fields\": [\"Descricao\"]}}]"}}, {"model": "admin.logentry", "pk": 58, "fields": {"action_time": "2021-10-03T03:48:03.802Z", "user": 1, "content_type": 7, "object_id": "6", "object_repr": "F - OBRAS CIVIS", "action_flag": 2, "change_message": "[{\"changed\": {\"fields\": [\"Descricao\"]}}]"}}, {"model": "admin.logentry", "pk": 59, "fields": {"action_time": "2021-10-03T03:49:20.571Z", "user": 1, "content_type": 7, "object_id": "7", "object_repr": "G - EMPREENDIMENTOS URBANÍSTICOS, TURÍSTICOS E DE LAZE", "action_flag": 2, "change_message": "[{\"changed\": {\"fields\": [\"Descricao\"]}}]"}}, {"model": "admin.logentry", "pk": 60, "fields": {"action_time": "2021-10-03T03:50:14.686Z", "user": 1, "content_type": 7, "object_id": "7", "object_repr": "G - EMPREENDIMENTOS URBANÍSTICOS, TURÍSTICOS E DE LAZER", "action_flag": 2, "change_message": "[{\"changed\": {\"fields\": [\"Descricao\"]}}]"}}, {"model": "admin.logentry", "pk": 61, "fields": {"action_time": "2021-10-03T23:08:41.004Z", "user": 1, "content_type": 10, "object_id": "41", "object_repr": "Área (ha)", "action_flag": 1, "change_message": "[{\"added\": {}}]"}}, {"model": "admin.logentry", "pk": 62, "fields": {"action_time": "2021-10-03T23:18:06.684Z", "user": 1, "content_type": 7, "object_id": "7", "object_repr": "H - EMPREENDIMENTOS URBANÍSTICOS, TURÍSTICOS E DE LAZER", "action_flag": 2, "change_message": "[{\"changed\": {\"fields\": [\"C\\u00f3digo\"]}}]"}}, {"model": "admin.logentry", "pk": 63, "fields": {"action_time": "2021-10-04T04:16:31.109Z", "user": 1, "content_type": 10, "object_id": "42", "object_repr": "(m3)", "action_flag": 1, "change_message": "[{\"added\": {}}]"}}, {"model": "auth.permission", "pk": 1, "fields": {"name": "Can add log entry", "content_type": 1, "codename": "add_logentry"}}, {"model": "auth.permission", "pk": 2, "fields": {"name": "Can change log entry", "content_type": 1, "codename": "change_logentry"}}, {"model": "auth.permission", "pk": 3, "fields": {"name": "Can delete log entry", "content_type": 1, "codename": "delete_logentry"}}, {"model": "auth.permission", "pk": 4, "fields": {"name": "Can view log entry", "content_type": 1, "codename": "view_logentry"}}, {"model": "auth.permission", "pk": 5, "fields": {"name": "Can add permission", "content_type": 2, "codename": "add_permission"}}, {"model": "auth.permission", "pk": 6, "fields": {"name": "Can change permission", "content_type": 2, "codename": "change_permission"}}, {"model": "auth.permission", "pk": 7, "fields": {"name": "Can delete permission", "content_type": 2, "codename": "delete_permission"}}, {"model": "auth.permission", "pk": 8, "fields": {"name": "Can view permission", "content_type": 2, "codename": "view_permission"}}, {"model": "auth.permission", "pk": 9, "fields": {"name": "Can add group", "content_type": 3, "codename": "add_group"}}, {"model": "auth.permission", "pk": 10, "fields": {"name": "Can change group", "content_type": 3, "codename": "change_group"}}, {"model": "auth.permission", "pk": 11, "fields": {"name": "Can delete group", "content_type": 3, "codename": "delete_group"}}, {"model": "auth.permission", "pk": 12, "fields": {"name": "Can view group", "content_type": 3, "codename": "view_group"}}, {"model": "auth.permission", "pk": 13, "fields": {"name": "Can add content type", "content_type": 4, "codename": "add_contenttype"}}, {"model": "auth.permission", "pk": 14, "fields": {"name": "Can change content type", "content_type": 4, "codename": "change_contenttype"}}, {"model": "auth.permission", "pk": 15, "fields": {"name": "Can delete content type", "content_type": 4, "codename": "delete_contenttype"}}, {"model": "auth.permission", "pk": 16, "fields": {"name": "Can view content type", "content_type": 4, "codename": "view_contenttype"}}, {"model": "auth.permission", "pk": 17, "fields": {"name": "Can add session", "content_type": 5, "codename": "add_session"}}, {"model": "auth.permission", "pk": 18, "fields": {"name": "Can change session", "content_type": 5, "codename": "change_session"}}, {"model": "auth.permission", "pk": 19, "fields": {"name": "Can delete session", "content_type": 5, "codename": "delete_session"}}, {"model": "auth.permission", "pk": 20, "fields": {"name": "Can view session", "content_type": 5, "codename": "view_session"}}, {"model": "auth.permission", "pk": 21, "fields": {"name": "Can add user", "content_type": 6, "codename": "add_user"}}, {"model": "auth.permission", "pk": 22, "fields": {"name": "Can change user", "content_type": 6, "codename": "change_user"}}, {"model": "auth.permission", "pk": 23, "fields": {"name": "Can delete user", "content_type": 6, "codename": "delete_user"}}, {"model": "auth.permission", "pk": 24, "fields": {"name": "Can view user", "content_type": 6, "codename": "view_user"}}, {"model": "auth.permission", "pk": 25, "fields": {"name": "Can add Divisão", "content_type": 7, "codename": "add_divisao"}}, {"model": "auth.permission", "pk": 26, "fields": {"name": "Can change Divisão", "content_type": 7, "codename": "change_divisao"}}, {"model": "auth.permission", "pk": 27, "fields": {"name": "Can delete Divisão", "content_type": 7, "codename": "delete_divisao"}}, {"model": "auth.permission", "pk": 28, "fields": {"name": "Can view Divisão", "content_type": 7, "codename": "view_divisao"}}, {"model": "auth.permission", "pk": 29, "fields": {"name": "Can add Grupo", "content_type": 8, "codename": "add_grupo"}}, {"model": "auth.permission", "pk": 30, "fields": {"name": "Can change Grupo", "content_type": 8, "codename": "change_grupo"}}, {"model": "auth.permission", "pk": 31, "fields": {"name": "Can delete Grupo", "content_type": 8, "codename": "delete_grupo"}}, {"model": "auth.permission", "pk": 32, "fields": {"name": "Can view Grupo", "content_type": 8, "codename": "view_grupo"}}, {"model": "auth.permission", "pk": 33, "fields": {"name": "Can add SubGrupo", "content_type": 9, "codename": "add_subgrupo"}}, {"model": "auth.permission", "pk": 34, "fields": {"name": "Can change SubGrupo", "content_type": 9, "codename": "change_subgrupo"}}, {"model": "auth.permission", "pk": 35, "fields": {"name": "Can delete SubGrupo", "content_type": 9, "codename": "delete_subgrupo"}}, {"model": "auth.permission", "pk": 36, "fields": {"name": "Can view SubGrupo", "content_type": 9, "codename": "view_subgrupo"}}, {"model": "auth.permission", "pk": 37, "fields": {"name": "Can add Unidade de Medida", "content_type": 10, "codename": "add_unidade_medida"}}, {"model": "auth.permission", "pk": 38, "fields": {"name": "Can change Unidade de Medida", "content_type": 10, "codename": "change_unidade_medida"}}, {"model": "auth.permission", "pk": 39, "fields": {"name": "Can delete Unidade de Medida", "content_type": 10, "codename": "delete_unidade_medida"}}, {"model": "auth.permission", "pk": 40, "fields": {"name": "Can view Unidade de Medida", "content_type": 10, "codename": "view_unidade_medida"}}, {"model": "auth.permission", "pk": 41, "fields": {"name": "Can add Tipologia", "content_type": 11, "codename": "add_tipologia"}}, {"model": "auth.permission", "pk": 42, "fields": {"name": "Can change Tipologia", "content_type": 11, "codename": "change_tipologia"}}, {"model": "auth.permission", "pk": 43, "fields": {"name": "Can delete Tipologia", "content_type": 11, "codename": "delete_tipologia"}}, {"model": "auth.permission", "pk": 44, "fields": {"name": "Can view Tipologia", "content_type": 11, "codename": "view_tipologia"}}, {"model": "auth.permission", "pk": 45, "fields": {"name": "Can add Perfil do Usuário", "content_type": 12, "codename": "add_userprofile"}}, {"model": "auth.permission", "pk": 46, "fields": {"name": "Can change Perfil do Usuário", "content_type": 12, "codename": "change_userprofile"}}, {"model": "auth.permission", "pk": 47, "fields": {"name": "Can delete Perfil do Usuário", "content_type": 12, "codename": "delete_userprofile"}}, {"model": "auth.permission", "pk": 48, "fields": {"name": "Can view Perfil do Usuário", "content_type": 12, "codename": "view_userprofile"}}, {"model": "contenttypes.contenttype", "pk": 1, "fields": {"app_label": "admin", "model": "logentry"}}, {"model": "contenttypes.contenttype", "pk": 2, "fields": {"app_label": "auth", "model": "permission"}}, {"model": "contenttypes.contenttype", "pk": 3, "fields": {"app_label": "auth", "model": "group"}}, {"model": "contenttypes.contenttype", "pk": 4, "fields": {"app_label": "contenttypes", "model": "contenttype"}}, {"model": "contenttypes.contenttype", "pk": 5, "fields": {"app_label": "sessions", "model": "session"}}, {"model": "contenttypes.contenttype", "pk": 6, "fields": {"app_label": "accounts", "model": "user"}}, {"model": "contenttypes.contenttype", "pk": 7, "fields": {"app_label": "divisoes", "model": "divisao"}}, {"model": "contenttypes.contenttype", "pk": 8, "fields": {"app_label": "grupos", "model": "grupo"}}, {"model": "contenttypes.contenttype", "pk": 9, "fields": {"app_label": "subgrupos", "model": "subgrupo"}}, {"model": "contenttypes.contenttype", "pk": 10, "fields": {"app_label": "tipologias", "model": "unidade_medida"}}, {"model": "contenttypes.contenttype", "pk": 11, "fields": {"app_label": "tipologias", "model": "tipologia"}}, {"model": "contenttypes.contenttype", "pk": 12, "fields": {"app_label": "accounts", "model": "userprofile"}}, {"model": "sessions.session", "pk": "4myrhghtqzrkxom64lqqc42ln8t5ucij", "fields": {"session_data": ".eJxVjEEOwiAQRe_C2hAKzGTq0r1nIDNApWogKe3KeHdt0oVu_3vvv1TgbS1h63kJc1JnNajT7yYcH7nuIN253pqOra7LLHpX9EG7vraUn5fD_Tso3Mu3ZkSxjghxipbYg0fwmYBGQJoYALKMnIRcNACWjFgSttYZiAOYpN4fwe426g:1mUjGZ:Hjd-lkcURnbaw6n4c-kvO8I_yjyb9NVIwmnWlvCvLaQ", "expire_date": "2021-10-11T05:33:27.294Z"}}, {"model": "sessions.session", "pk": "acyvux6h9w12id1vyloknm0qxnab7cfi", "fields": {"session_data": ".eJxVjEEOwiAQRe_C2hAKzGTq0r1nIDNApWogKe3KeHdt0oVu_3vvv1TgbS1h63kJc1JnNajT7yYcH7nuIN253pqOra7LLHpX9EG7vraUn5fD_Tso3Mu3ZkSxjghxipbYg0fwmYBGQJoYALKMnIRcNACWjFgSttYZiAOYpN4fwe426g:1mVkBL:vU1Ay4MvAdm8xRDJNT8X4Xk5gYWPvqWl_zTAP4aPgSw", "expire_date": "2021-10-14T00:44:15.433Z"}}, {"model": "sessions.session", "pk": "dgaf4ar0cf3k9fw96ep2zt3za3pq3vbr", "fields": {"session_data": ".eJxVjEEOwiAQRe_C2hAKzGTq0r1nIDNApWogKe3KeHdt0oVu_3vvv1TgbS1h63kJc1JnNajT7yYcH7nuIN253pqOra7LLHpX9EG7vraUn5fD_Tso3Mu3ZkSxjghxipbYg0fwmYBGQJoYALKMnIRcNACWjFgSttYZiAOYpN4fwe426g:1mX9At:IPd5G-zKErgyDYteY8fk2cEnWaVCnwC6vWcDhENVGRg", "expire_date": "2021-10-17T21:37:35.515Z"}}, {"model": "sessions.session", "pk": "ibpbc0kxbuhuv35v5oxtblz1lu5bem4n", "fields": {"session_data": ".eJxVjEEOwiAQRe_C2hAKzGTq0r1nIDNApWogKe3KeHdt0oVu_3vvv1TgbS1h63kJc1JnNajT7yYcH7nuIN253pqOra7LLHpX9EG7vraUn5fD_Tso3Mu3ZkSxjghxipbYg0fwmYBGQJoYALKMnIRcNACWjFgSttYZiAOYpN4fwe426g:1mX8Xs:FCS9JZULSedlMPRoVFED-85uqezkoBrmoQ7295fNoc4", "expire_date": "2021-10-17T20:57:16.254Z"}}, {"model": "sessions.session", "pk": "ihp76ci90ux0dr5vk9yvhrpg2mdftjd4", "fields": {"session_data": ".eJxVjEEOwiAQRe_C2hAKzGTq0r1nIDNApWogKe3KeHdt0oVu_3vvv1TgbS1h63kJc1JnNajT7yYcH7nuIN253pqOra7LLHpX9EG7vraUn5fD_Tso3Mu3ZkSxjghxipbYg0fwmYBGQJoYALKMnIRcNACWjFgSttYZiAOYpN4fwe426g:1mWrlB:CWv40C2_WsEPDFQFMWe_WfJvzA40EdK5z9VBK8sl1oQ", "expire_date": "2021-10-17T03:01:53.352Z"}}, {"model": "sessions.session", "pk": "jlzu72jli4t41y27r9hzta59y12znteu", "fields": {"session_data": ".eJxVjEEOwiAQRe_C2hAKzGTq0r1nIDNApWogKe3KeHdt0oVu_3vvv1TgbS1h63kJc1JnNajT7yYcH7nuIN253pqOra7LLHpX9EG7vraUn5fD_Tso3Mu3ZkSxjghxipbYg0fwmYBGQJoYALKMnIRcNACWjFgSttYZiAOYpN4fwe426g:1mX7Wz:5j9wls6cRrTjCB5x-ji0rAiEQb8iOPUaZq4pLdawNfU", "expire_date": "2021-10-17T19:52:17.646Z"}}, {"model": "sessions.session", "pk": "jpi97tdkc4osrcl1n3yizg1qlf0qs39i", "fields": {"session_data": ".eJxVjEEOwiAQRe_C2hAKzGTq0r1nIDNApWogKe3KeHdt0oVu_3vvv1TgbS1h63kJc1JnNajT7yYcH7nuIN253pqOra7LLHpX9EG7vraUn5fD_Tso3Mu3ZkSxjghxipbYg0fwmYBGQJoYALKMnIRcNACWjFgSttYZiAOYpN4fwe426g:1mUJJz:80ZXY7vx6OAYub2c3gwNBYwYjuew4Y1ZIRhjUzAH1GI", "expire_date": "2021-10-10T01:51:15.258Z"}}, {"model": "sessions.session", "pk": "ry98c6hflz4kl0ggof2ga1wj3ly3qtzk", "fields": {"session_data": ".eJxVjEEOwiAQRe_C2hAKzGTq0r1nIDNApWogKe3KeHdt0oVu_3vvv1TgbS1h63kJc1JnNajT7yYcH7nuIN253pqOra7LLHpX9EG7vraUn5fD_Tso3Mu3ZkSxjghxipbYg0fwmYBGQJoYALKMnIRcNACWjFgSttYZiAOYpN4fwe426g:1mUvVh:3JCJ1S2hoTMJRuc8h96PG2fFgVk1cF2Y9p1R6pdg1LA", "expire_date": "2021-10-11T18:37:53.234Z"}}, {"model": "sessions.session", "pk": "thpav05jbcz2o6zx8szfx70c8qg70400", "fields": {"session_data": ".eJxVjEEOwiAQRe_C2hAKzGTq0r1nIDNApWogKe3KeHdt0oVu_3vvv1TgbS1h63kJc1JnNajT7yYcH7nuIN253pqOra7LLHpX9EG7vraUn5fD_Tso3Mu3ZkSxjghxipbYg0fwmYBGQJoYALKMnIRcNACWjFgSttYZiAOYpN4fwe426g:1mZK5Q:wSBpUJF9npw4H8Kr1-NnS0TwKaQdF_rKzK_mku261dQ", "expire_date": "2021-10-23T21:40:56.418Z"}}, {"model": "sessions.session", "pk": "xfzek2epqkmfcuopfkk3ebk3p1myt2ud", "fields": {"session_data": ".eJxVjEEOwiAQRe_C2hAKzGTq0r1nIDNApWogKe3KeHdt0oVu_3vvv1TgbS1h63kJc1JnNajT7yYcH7nuIN253pqOra7LLHpX9EG7vraUn5fD_Tso3Mu3ZkSxjghxipbYg0fwmYBGQJoYALKMnIRcNACWjFgSttYZiAOYpN4fwe426g:1mVzFq:NxNjsQtzzZqPwpUJEVsquuYY4YCMm3xmPAUMZcefpE8", "expire_date": "2021-10-14T16:49:54.227Z"}}, {"model": "sessions.session", "pk": "xjug0nn6agxeei5y86kog74q9wybikct", "fields": {"session_data": ".eJxVjEEOwiAQRe_C2hAKzGTq0r1nIDNApWogKe3KeHdt0oVu_3vvv1TgbS1h63kJc1JnNajT7yYcH7nuIN253pqOra7LLHpX9EG7vraUn5fD_Tso3Mu3ZkSxjghxipbYg0fwmYBGQJoYALKMnIRcNACWjFgSttYZiAOYpN4fwe426g:1mXCAO:tZHIRfIxTBI6iZkErTbxdM3KlI2SNej0l6pNSGGQq3w", "expire_date": "2021-10-18T00:49:16.971Z"}}, {"model": "sessions.session", "pk": "xxlhvkx8pixe18m1xy41nssgm9ncqjwq", "fields": {"session_data": ".eJxVjEEOwiAQRe_C2hAKzGTq0r1nIDNApWogKe3KeHdt0oVu_3vvv1TgbS1h63kJc1JnNajT7yYcH7nuIN253pqOra7LLHpX9EG7vraUn5fD_Tso3Mu3ZkSxjghxipbYg0fwmYBGQJoYALKMnIRcNACWjFgSttYZiAOYpN4fwe426g:1mUHUS:KJ7pb9pv8foNrGIhNM_Qz0ttLgJf4n7FxU5Ud-7X8uk", "expire_date": "2021-10-09T23:53:56.914Z"}}, {"model": "accounts.user", "pk": 1, "fields": {"password": "pbkdf2_sha256$260000$116lFPZ4PxZoHy39pjwR5D$v8IqY/LUpObNU5PpDSHHp6szwloqs5r4M01/GhHB0yw=", "last_login": "2021-10-09T21:40:56.372Z", "is_superuser": true, "username": "rogerio.martins", "first_name": "Rogério", "last_name": "Martins", "email": "rogerio.martins@gmail.com", "is_staff": true, "is_active": true, "date_joined": "2021-09-25T23:53:17.143Z", "is_trusty": false, "groups": [], "user_permissions": []}}, {"model": "accounts.user", "pk": 2, "fields": {"password": "pbkdf2_sha256$260000$CZdBGezOReRrrr8NubprIS$SroL3AGf4OVh4otsfS+tQU73vnJiKvOzEvhzx4VK9ao=", "last_login": "2021-09-28T06:42:20.055Z", "is_superuser": true, "username": "sheilla.martins", "first_name": "Sheilla", "last_name": "Martins", "email": "sheilla.martins@gmail.com", "is_staff": true, "is_active": true, "date_joined": "2021-09-28T06:33:28.446Z", "is_trusty": false, "groups": [], "user_permissions": []}}, {"model": "accounts.user", "pk": 3, "fields": {"password": "pbkdf2_sha256$260000$gawg7IP1XHx2wVcpK2M6a7$ocMdsZA9mV6nRdx6uWScA0baK7f7uCitvd9cpzOO3WU=", "last_login": "2021-09-28T06:43:21.188Z", "is_superuser": false, "username": "davi.martins", "first_name": "Davi", "last_name": "Martins", "email": "davi.martins@gmail.com", "is_staff": false, "is_active": true, "date_joined": "2021-09-28T06:43:00.322Z", "is_trusty": false, "groups": [], "user_permissions": []}}, {"model": "accounts.user", "pk": 4, "fields": {"password": "pbkdf2_sha256$260000$ndSjddtOKVlpfEUk9z5we8$SNkWhgejBrrDnSlmE1X7aAEs/wGPG37nElh6gOkD9M0=", "last_login": "2021-10-03T20:56:54.456Z", "is_superuser": true, "username": "Sheilla", "first_name": "Sheilla", "last_name": "Martins", "email": "sheuconcursos@gmail.com", "is_staff": true, "is_active": true, "date_joined": "2021-10-03T20:54:29.341Z", "is_trusty": false, "groups": [], "user_permissions": []}}, {"model": "accounts.userprofile", "pk": 1, "fields": {"foto": "photos/Rogerio_Barreto_Martins_v0hIaQZ.jpg", "celular": "75988057797", "user": 1}}, {"model": "divisoes.divisao", "pk": 1, "fields": {"codigo": "A", "descricao": "AGRICULTURA E FLORESTAS"}}, {"model": "divisoes.divisao", "pk": 2, "fields": {"codigo": "B", "descricao": "MINERAÇÃO"}}, {"model": "divisoes.divisao", "pk": 3, "fields": {"codigo": "C", "descricao": "INDÚSTRIAS"}}, {"model": "divisoes.divisao", "pk": 4, "fields": {"codigo": "D", "descricao": "TRANSPORTE"}}, {"model": "divisoes.divisao", "pk": 5, "fields": {"codigo": "E", "descricao": "SERVIÇOS"}}, {"model": "divisoes.divisao", "pk": 6, "fields": {"codigo": "F", "descricao": "OBRAS CIVIS"}}, {"model": "divisoes.divisao", "pk": 7, "fields": {"codigo": "H", "descricao": "EMPREENDIMENTOS URBANÍSTICOS, TURÍSTICOS E DE LAZER"}}, {"model": "divisoes.divisao", "pk": 8, "fields": {"codigo": "G", "descricao": "Teste"}}, {"model": "grupos.grupo", "pk": 1, "fields": {"codigo": "A2", "divisao": 1, "descricao": "Grupo A2: Criação de Animais"}}, {"model": "grupos.grupo", "pk": 2, "fields": {"codigo": "B3", "divisao": 2, "descricao": "Grupo B3: Minerais Utilizados na Construção Civil, Ornamentos e Outros"}}, {"model": "grupos.grupo", "pk": 3, "fields": {"codigo": "B4", "divisao": 2, "descricao": "Grupo B4: Minerais Utilizados na Indústria"}}, {"model": "grupos.grupo", "pk": 4, "fields": {"codigo": "C1", "divisao": 3, "descricao": "Grupo C1: Produtos Alimentícios e Assemelhados"}}, {"model": "grupos.grupo", "pk": 5, "fields": {"codigo": "C2", "divisao": 3, "descricao": "Grupo C2: Produtos do Fumo"}}, {"model": "grupos.grupo", "pk": 6, "fields": {"codigo": "C3", "divisao": 3, "descricao": "Grupo C3: Produtos Têxteis"}}, {"model": "grupos.grupo", "pk": 7, "fields": {"codigo": "C4", "divisao": 3, "descricao": "Grupo C4: Madeira e Mobiliário"}}, {"model": "grupos.grupo", "pk": 8, "fields": {"codigo": "C5", "divisao": 3, "descricao": "Grupo C5: Papel e Produtos Semelhantes"}}, {"model": "grupos.grupo", "pk": 9, "fields": {"codigo": "C6", "divisao": 3, "descricao": "Grupo C6: Fabricação de Produtos Químicos"}}, {"model": "grupos.grupo", "pk": 10, "fields": {"codigo": "C7", "divisao": 3, "descricao": "Grupo C7: Refino do Petróleo, Produção de Biodiesel e Produtos Relacionados"}}, {"model": "grupos.grupo", "pk": 11, "fields": {"codigo": "C8", "divisao": 3, "descricao": "Grupo C8: Materiais de Borracha, de Plástico ou Sintéticos"}}, {"model": "grupos.grupo", "pk": 12, "fields": {"codigo": "C9", "divisao": 3, "descricao": "Grupo C9: Couro e Produtos de Couro"}}, {"model": "grupos.grupo", "pk": 13, "fields": {"codigo": "C10", "divisao": 3, "descricao": "Grupo C10: Vidro, Pedra, Argila, Gesso, Mármore e Concreto"}}, {"model": "grupos.grupo", "pk": 14, "fields": {"codigo": "C11", "divisao": 3, "descricao": "Grupo C11: Metalurgia de Metais Ferrosos e Não-Ferrosos e Fabricação e Acabamento de Produtos Metálicos"}}, {"model": "grupos.grupo", "pk": 15, "fields": {"codigo": "C12", "divisao": 3, "descricao": "Grupo C12: Fabricação de Produtos Metálicos, Exceto Máquinas e Equipamentos Industriais e Comerciais"}}, {"model": "grupos.grupo", "pk": 16, "fields": {"codigo": "C13", "divisao": 3, "descricao": "Grupo C13: Máquinas e Equipamentos Industriais e Comerciais"}}, {"model": "grupos.grupo", "pk": 17, "fields": {"codigo": "C14", "divisao": 3, "descricao": "Grupo C14: Equipamentos e Componentes Elétricos e Eletrônicos"}}, {"model": "grupos.grupo", "pk": 18, "fields": {"codigo": "C15", "divisao": 3, "descricao": "Grupo C15: Equipamentos e Materiais de Comunicação"}}, {"model": "grupos.grupo", "pk": 19, "fields": {"codigo": "C16", "divisao": 3, "descricao": "Grupo C16: Equipamentos de Transporte"}}, {"model": "grupos.grupo", "pk": 20, "fields": {"codigo": "02", "divisao": 8, "descricao": "nkjhkj"}}, {"model": "subgrupos.subgrupo", "pk": 1, "fields": {"codigo": "A2.2", "grupo": 1, "descricao": "Criações Confinadas"}}, {"model": "subgrupos.subgrupo", "pk": 2, "fields": {"codigo": "A2.3", "grupo": 1, "descricao": "Aquicultura"}}, {"model": "subgrupos.subgrupo", "pk": 3, "fields": {"codigo": "A2.4", "grupo": 1, "descricao": "Carcinicultura"}}, {"model": "tipologias.unidade_medida", "pk": 1, "fields": {"und_medida_desc": "Capacidade Instalada (Número de Animais)"}}, {"model": "tipologias.unidade_medida", "pk": 2, "fields": {"und_medida_desc": "Área Total (ha)"}}, {"model": "tipologias.unidade_medida", "pk": 3, "fields": {"und_medida_desc": "Volume (m3)"}}, {"model": "tipologias.unidade_medida", "pk": 4, "fields": {"und_medida_desc": "Produção Bruta de Minério (t/Ano)"}}, {"model": "tipologias.unidade_medida", "pk": 5, "fields": {"und_medida_desc": "Capacidade Instalada (Cabeças/Dia)"}}, {"model": "tipologias.unidade_medida", "pk": 6, "fields": {"und_medida_desc": "Capacidade Instalada (t de Produto/Dia)"}}, {"model": "tipologias.unidade_medida", "pk": 7, "fields": {"und_medida_desc": "Capacidade Instalada (l de Leite/Dia)"}}, {"model": "tipologias.unidade_medida", "pk": 8, "fields": {"und_medida_desc": "Capacidade Instalada (t de Matéria Prima/Dia)"}}, {"model": "tipologias.unidade_medida", "pk": 9, "fields": {"und_medida_desc": "Capacidade Instalada (l/Dia)"}}, {"model": "tipologias.unidade_medida", "pk": 10, "fields": {"und_medida_desc": "Capacidade Instalada (t/Ano)"}}, {"model": "tipologias.unidade_medida", "pk": 11, "fields": {"und_medida_desc": "Capacidade Instalada (no de Unidades Processadas/Dia)"}}, {"model": "tipologias.unidade_medida", "pk": 12, "fields": {"und_medida_desc": "Capacidade Instalada (m3/Ano)"}}, {"model": "tipologias.unidade_medida", "pk": 13, "fields": {"und_medida_desc": "Capacidade Instalada (t/Mês)"}}, {"model": "tipologias.unidade_medida", "pk": 14, "fields": {"und_medida_desc": "Capacidade Instalada de Processamento (m3/Mês)"}}, {"model": "tipologias.unidade_medida", "pk": 15, "fields": {"und_medida_desc": "Capacidade Instalada (Unidade/Mês)"}}, {"model": "tipologias.unidade_medida", "pk": 16, "fields": {"und_medida_desc": "Número de Unidades Produzidas (un/Dia)"}}, {"model": "tipologias.unidade_medida", "pk": 17, "fields": {"und_medida_desc": "Capacidade Instalada (t de Argila/Dia)"}}, {"model": "tipologias.unidade_medida", "pk": 18, "fields": {"und_medida_desc": "Capacidade Instalada (m2/Mês)"}}, {"model": "tipologias.unidade_medida", "pk": 19, "fields": {"und_medida_desc": "Volume de Produção (t/Dia)"}}, {"model": "tipologias.unidade_medida", "pk": 20, "fields": {"und_medida_desc": "Capacidade Instalada (t/dia)"}}, {"model": "tipologias.unidade_medida", "pk": 21, "fields": {"und_medida_desc": "Capacidade Instalada (t de Produto/Ano)"}}, {"model": "tipologias.unidade_medida", "pk": 22, "fields": {"und_medida_desc": "Capacidade Instalada (un/mês)"}}, {"model": "tipologias.unidade_medida", "pk": 23, "fields": {"und_medida_desc": "Capacidade Instalada (un/Ano)"}}, {"model": "tipologias.unidade_medida", "pk": 24, "fields": {"und_medida_desc": "Capacidade de Armazenamento (m3 )"}}, {"model": "tipologias.unidade_medida", "pk": 25, "fields": {"und_medida_desc": "Vazão (m3 /dia)"}}, {"model": "tipologias.unidade_medida", "pk": 26, "fields": {"und_medida_desc": "Vasilhame (unid.)"}}, {"model": "tipologias.unidade_medida", "pk": 27, "fields": {"und_medida_desc": "Área total da Usina Solar instalada (ha)"}}, {"model": "tipologias.unidade_medida", "pk": 28, "fields": {"und_medida_desc": "Extensão (Km)"}}, {"model": "tipologias.unidade_medida", "pk": 29, "fields": {"und_medida_desc": "Capacidade de Armazenamento de Combustíveis Líquidos (m3 ) e de Combustíveis Líquidos Mais GNV ou GNC"}}, {"model": "tipologias.unidade_medida", "pk": 30, "fields": {"und_medida_desc": "Vazão Média (l/s)"}}, {"model": "tipologias.unidade_medida", "pk": 31, "fields": {"und_medida_desc": "Quantidade Operada (t/dia)"}}, {"model": "tipologias.unidade_medida", "pk": 32, "fields": {"und_medida_desc": "Capacidade de Processamento (t/Dia)"}}, {"model": "tipologias.unidade_medida", "pk": 33, "fields": {"und_medida_desc": "Produção (t/dia)"}}, {"model": "tipologias.unidade_medida", "pk": 34, "fields": {"und_medida_desc": "Potência do Transmissor (W)"}}, {"model": "tipologias.unidade_medida", "pk": 35, "fields": {"und_medida_desc": "Área Útil (ha)"}}, {"model": "tipologias.unidade_medida", "pk": 36, "fields": {"und_medida_desc": "Número de Unidades Processadas (un/Dia)"}}, {"model": "tipologias.unidade_medida", "pk": 37, "fields": {"und_medida_desc": "Área Construída (ha)"}}, {"model": "tipologias.unidade_medida", "pk": 38, "fields": {"und_medida_desc": "Área utilizada (ha)"}}, {"model": "tipologias.unidade_medida", "pk": 39, "fields": {"und_medida_desc": "Área de Inundação (ha)"}}, {"model": "tipologias.unidade_medida", "pk": 40, "fields": {"und_medida_desc": "Vazão (m3/s)"}}, {"model": "tipologias.unidade_medida", "pk": 41, "fields": {"und_medida_desc": "Área (ha)"}}, {"model": "tipologias.unidade_medida", "pk": 42, "fields": {"und_medida_desc": "(m3)"}}, {"model": "tipologias.tipologia", "pk": 1, "fields": {"codigo": "A2.2.1", "subgrupo": 1, "descricao": "Bovinos, Bubalinos, Muares e Equinos", "und_medida_desc": 1, "p_poluidor": "A"}}, {"model": "tipologias.tipologia", "pk": 2, "fields": {"codigo": "A2.2.2", "subgrupo": 1, "descricao": "Aves e Pequenos Mamíferos", "und_medida_desc": 1, "p_poluidor": "M"}}, {"model": "tipologias.tipologia", "pk": 3, "fields": {"codigo": "A2.2.3", "subgrupo": 1, "descricao": "Caprinos e Ovinos", "und_medida_desc": 1, "p_poluidor": "M"}}, {"model": "tipologias.tipologia", "pk": 4, "fields": {"codigo": "A2.2.4", "subgrupo": 1, "descricao": "Suínos", "und_medida_desc": 1, "p_poluidor": "A"}}, {"model": "tipologias.tipologia", "pk": 5, "fields": {"codigo": "A2.2.5", "subgrupo": 1, "descricao": "Creche de Suínos", "und_medida_desc": 1, "p_poluidor": "M"}}, {"model": "tipologias.tipologia", "pk": 6, "fields": {"codigo": "A2.3.1", "subgrupo": 2, "descricao": "Piscicultura em Viveiros Escavados", "und_medida_desc": 2, "p_poluidor": "M"}}, {"model": "tipologias.tipologia", "pk": 7, "fields": {"codigo": "A2.3.2", "subgrupo": 2, "descricao": "Piscicultura Continental em Tanques-Rede, Raceway ou Similar", "und_medida_desc": 42, "p_poluidor": null}}, {"model": "tipologias.tipologia", "pk": 11, "fields": {"codigo": "A2.3.3", "subgrupo": 2, "descricao": "Piscicultura Marinha em Tanques-Rede, Raceway ou Similar", "und_medida_desc": 3, "p_poluidor": "P"}}]